URL,Email Address 
https://www.sitew.com/Comment-developper-son-entreprise-en-ligne/Mail-pro-site,contact@my-cool-business.com
https://www.olybop.fr/comment-proteger-et-afficher-son-email-et-telephone-sur-son-site-internet/,email@spam.fr
https://fr.wix.com/adresse-email/professionnelle,8b4e078a51d04e0e9efdf470027f0ec1@sentry.wixp
https://www.hostinger.fr/hebergeur-email,fr@hostinger.com
https://www.infomaniak.com/fr/hebergement/web-et-mail/hebergement-web-et-mail,jp@domaine.com
https://webmail.sfr.fr/fr_FR/main.html,email@aol.com
https://www.ionos.fr/digitalguide/email/aspects-techniques/creer-son-adresse-email-avec-son-nom-de-domaine/,nouvelle-adresse@votre-domaine.fr
https://fr.wix.com/siteinternetgratuit/hiker,14370afcdc17429f9e418d5ffbd0334a@sentry.wixp
https://www.cleasite.fr/tutoriel-site-internet/creer-adresse-email-de-redirection,service_client@votrenomdedomaine.com
https://www.gandi.net/fr/domain/email,mail_offer@1x-9326a32d.png
https://www.ionos.fr/digitalguide/email/securite-email/proteger-son-adresse-email-comment-faire/,utilisateur@domaine.fr
https://www.ovh.com/fr/mail/,adresse@domaine.com
https://www.youdemus.fr/2019/12/03/comment-creer-une-adresse-email-professionnelle-en-5-minutes/,equipe@youdemus.fr
https://www.opportunites-digitales.com/hebergement-web-vs-email,mon.prenom@monsite.com
https://www.websitetooltester.com/fr/blog/wix-nom-de-domaine/,info@votre-domaine.com
https://www.sarbacane.com/,email@domain.com
https://www.lafabriquedunet.fr/blog/outils-trouver-adresse-email-contacts/,votre@email.com
https://www.secu-independants.fr/,mon.mail@domaine.com
https://www.webself.net/,nom@mail.com
https://www.gouvernement.fr/risques/cybercriminalite,cyber@gendarmerie.inte
https://www.codeur.com/blog/email-builder-gratuit-sans-coder/,logo-codeur-mag-foot-2018@2x-1.jpg
https://add-com.fr/site-internet/creation-email/,contact@add-com.fr
https://fr.mailjet.com/,contact@mailjet.com
https://fr.sendinblue.com/blog/creer-une-newsletter/,Email-Marketing@1x.svg
https://www.ter.sncf.com/bretagne/contacts,nom@site.com
https://dr-chollet-damien.chirurgiens-dentistes.fr/,docteur.chollet@gmail.com
https://www.ecomail.fr/,aide@ecomail.eart
https://www.majelice.fr/,hello@majelice.fr
https://www.butagaz.fr/contact,name@exemple.com
https://www.wonderbox.fr/faq-contact,3ou4xCB.cetelem@wcc-distribution.fr
https://blogpascher.com/tutoriel-wordpress/comment-avoir-une-adresse-email-avec-votre-hebergement-wordpress,Eschool-theme-wordpress-creer-site-web-elearning-education-65x65@2x.png
https://www.a-a-hebergement.com/adresse-email-comment-creer-un-email-professionnel/,contact@a-a-hebergement.com
http://medecine.unistra.fr/,vlamour@unistra.fr
http://www.rapidomaine.fr/support/email/200-acceder-consulter-vider-webmail,votrenom@votrenomdedomaine.com
https://www.sofinco.fr/contacter-sofinco.htm,dpdcacf@ca-cf.fr
https://xn--russir-en-b4a.fr/videos/2-min-pour-creer-son-email-personnalise/,achats@monentreprise.fr
https://www.quechoisir.org/page-nous-contacter-questions-reponses-n14355/,adresse@nom.com
https://www.linguee.com/english-french/translation/email+distribution.html,president@caw1016.ca
http://www.lycee-delacroix-drancy.fr/,ce.0932229t@ac-creteil.fr
https://faq.o2switch.fr/hebergement-mutualise/tutoriels-cpanel/comptes-courriels,contact@domaine.tld
https://www.univ-grenoble-alpes.fr/,dgdsi-dana-supadmksup@univ-grenoble-alpes.fr
https://laboitenumerique.fr/trouver-nimporte-adresse-email/,nom.prenom@paypal.com
https://kinsta.com/fr/blog/trouver-adresses-email/,10155d91930a41a5a23b8f20399d813a@sentry.io
https://leadlist.fr/trouver-adresse-email/,info@nomentreprise.com
https://www.toyota.fr/dealers/,apv.toyotamontluel@emilfrey.fr
https://www.defenseurdesdroits.fr/fr/nous-contacter,nom@domaine.fr
https://support.safebrands.com/proteger-son-adresse-email-contre-les-spams-sur-le-web/,email@exemple.com
https://www.marketinghaters.com/liste-adresse-email/,richard@marketinghaters.com
https://www.ludosln.net/comment-creer-emailing-parfait/,ludo@slnweb.net
https://www.domaine-achat.fr/,contact@domaine-achat.fr
https://blog.dorian-depriester.fr/internet/une-adresse-email-differente-pour-chaque-site-internet,michelle.michu+toto@gmail.com
https://www.connectme.ma/,support@connectme.ma
https://www.coqhotelparis.com/,bonjour@coqhotelparis.com
https://www.vadesecure.com/fr/,vade-secure-logo@2x.png
https://www.afdas.com/,ids@afdas.com
http://cij.valdoise.fr/trouver-les-mails-de-contact-sur-nimporte-quel-site-web-email-hunter/,geoff@deconcept.com
https://www.mairie-revel.fr/,mairie@mairie-revel.fr
http://www.ch-saumur.fr/,direction@ch-saumur.fr
http://www.mairie-ris-orangis.fr/,contact@ville-ris-orangis.fr
http://www.delprat.org/cours/lien.htm,stephane@delprat.org
https://www.cleasite.fr/tutoriel-site-internet/creer-adresse-email-de-redirection,service_client@votrenomdedomaine.com
https://www.gandi.net/fr/domain/email,mail_offer@1x-9326a32d.png
https://www.ionos.fr/digitalguide/email/securite-email/proteger-son-adresse-email-comment-faire/,utilisateur@domaine.fr
https://www.ovh.com/fr/mail/,adresse@domaine.com
https://www.youdemus.fr/2019/12/03/comment-creer-une-adresse-email-professionnelle-en-5-minutes/,equipe@youdemus.fr
https://www.opportunites-digitales.com/hebergement-web-vs-email,mon.prenom@monsite.com
https://www.websitetooltester.com/fr/blog/wix-nom-de-domaine/,info@votre-domaine.com
